{"stats":{"minecraft:used":{"minecraft:barrier":8,"minecraft:repeating_command_block":1,"minecraft:oak_wood":3,"minecraft:iron_bars":1},"minecraft:custom":{"minecraft:jump":33,"minecraft:leave_game":1,"minecraft:time_since_rest":138,"minecraft:crouch_one_cm":671,"minecraft:play_one_minute":3873,"minecraft:walk_on_water_one_cm":48,"minecraft:damage_taken":40,"minecraft:sprint_one_cm":5144,"minecraft:deaths":2,"minecraft:time_since_death":116,"minecraft:walk_one_cm":8294,"minecraft:sneak_time":146,"minecraft:walk_under_water_one_cm":27,"minecraft:fall_one_cm":745,"minecraft:fly_one_cm":23553}},"DataVersion":1631}