{"stats":{"minecraft:picked_up":{"minecraft:light_blue_glazed_terracotta":1,"minecraft:player_head":379},"minecraft:used":{"minecraft:red_sandstone_stairs":3,"minecraft:end_rod":3,"minecraft:lever":1,"minecraft:cyan_terracotta":16,"minecraft:iron_bars":3,"minecraft:repeater":9,"minecraft:light_blue_concrete":2,"minecraft:command_block":8,"minecraft:grass_block":8,"minecraft:redstone":5,"minecraft:barrier":67,"minecraft:acacia_fence":5,"minecraft:sign":3,"minecraft:quartz_block":2,"minecraft:repeating_command_block":4,"minecraft:oak_wood":3,"minecraft:stone":53,"minecraft:spruce_log":5},"minecraft:custom":{"minecraft:time_since_rest":8054,"minecraft:crouch_one_cm":5756,"minecraft:play_one_minute":32420,"minecraft:deaths":1,"minecraft:sprint_one_cm":19025,"minecraft:damage_taken":40,"minecraft:walk_one_cm":42547,"minecraft:sneak_time":2173,"minecraft:trigger_trapped_chest":1,"minecraft:walk_under_water_one_cm":5042,"minecraft:jump":234,"minecraft:walk_on_water_one_cm":1001,"minecraft:leave_game":1,"minecraft:time_since_death":8032,"minecraft:climb_one_cm":113,"minecraft:swim_one_cm":6109,"minecraft:fly_one_cm":207047}},"DataVersion":1631}